,userId,top_topics
0,16,"['Blockchain', 'Security', 'Android']"
1,31,"['Cloud Services', 'Cryptocurrency']"
2,39,"['Security', 'Backend Development']"
3,40,"['Machine Learning', 'Web Development']"
4,41,['Security']
5,46,['Blockchain']
6,49,"['Data Analysis', 'Web Development']"
7,50,"['Software Development', 'App Development']"
8,51,"['Android', 'Web Development']"
9,54,"['Image Processing', 'Flutter']"
10,56,['Natural Language Processing']
11,63,"['Software Development', 'Backend Development']"
12,64,"['Flutter', 'Web Development']"
13,67,['Android']
14,69,"['Web Development', 'Web3']"
15,71,['Android']
16,72,"['Android', 'Information Security']"
17,73,"['Dev Ops', 'Cloud Services']"
18,76,['Machine Learning']
19,79,"['Deep Learning', 'Web Development']"
20,80,"['Security', 'Blockchain']"
21,83,"['Cloud Services', 'Android']"
22,84,"['Dev Ops', 'Software Development']"
23,86,"['Cybersecurity', 'Blockchain']"
24,91,['Cybersecurity']
25,92,"['App Development', 'Android']"
26,95,"['Cryptocurrency', 'Flutter']"
27,98,"['Android', 'Information Security']"
28,100,['Backend Development']
29,104,"['Deep Learning', 'App Development']"
30,105,"['Machine Learning', 'Backend Development']"
31,107,['Dev Ops']
32,112,"['Cybersecurity', 'App Development']"
33,113,"['Security', 'Web Development']"
34,116,['Natural Language Processing']
35,117,['Cloud Services']
36,119,['Deep Learning']
37,120,"['Natural Language Processing', 'Backend Development']"
38,121,['App Development']
39,122,['Android']
40,127,['Cybersecurity']
41,133,"['Cloud Computing', 'App Development']"
42,134,"['Image Processing', 'Software Development']"
43,140,['Natural Language Processing']
44,142,"['Natural Language Processing', 'Web Development']"
45,159,"['Web3', 'Android']"
46,163,"['Cloud Services', 'Cloud Computing']"
47,164,"['Security', 'Software Development']"
48,165,['Cloud Computing']
49,166,['Cryptocurrency']
50,167,"['Security', 'Cybersecurity']"
51,172,"['Cloud Services', 'Web3']"
52,176,"['Software Development', 'Web Development']"
53,177,"['Cloud Services', 'Software Development']"
54,180,['Cloud Services']
55,182,['Security']
56,185,"['Blockchain', 'App Development']"
57,196,"['Image Processing', 'Deep Learning']"
58,202,['Cybersecurity']
59,206,"['Cryptocurrency', 'Web Development']"
60,208,['Deep Learning']
61,210,['Cloud Computing']
62,212,"['Flutter', 'Cryptocurrency']"
63,215,['Software Development']
64,216,"['Backend Development', 'Software Development']"
65,217,"['Flutter', 'App Development']"
66,218,"['Data Analysis', 'Flutter']"
67,220,"['Machine Learning', 'Natural Language Processing']"
68,222,['Software Development']
69,225,"['App Development', 'Machine Learning']"
70,228,"['Image Processing', 'Software Development']"
71,229,"['Deep Learning', 'App Development']"
72,234,"['Web Development', 'Machine Learning']"
73,241,"['Backend Development', 'Cybersecurity']"
74,242,['Natural Language Processing']
75,243,"['Natural Language Processing', 'Web Development']"
76,244,"['Data Analysis', 'Backend Development']"
77,251,"['Cryptocurrency', 'App Development']"
78,257,['Flutter']
79,260,"['Cybersecurity', 'Flutter']"
80,264,['Security']
81,265,"['Deep Learning', 'Flutter']"
82,266,"['Data Science', 'Natural Language Processing']"
83,267,['Cryptocurrency']
84,272,"['Blockchain', 'Web Development']"
85,275,['Data Analysis']
86,279,['Information Security']
87,282,['Android']
88,285,['Android']
89,286,['Security']
90,292,"['Security', 'Backend Development']"
91,295,"['Deep Learning', 'Data Analysis']"
92,304,"['Data Analysis', 'Backend Development']"
93,305,"['Android', 'Flutter']"
94,306,"['Cryptocurrency', 'Backend Development']"
95,309,"['Information Security', 'Web3']"
96,312,"['Web3', 'Dev Ops']"
97,314,['Flutter']
98,316,"['Artificial Intelligence', 'App Development']"
99,321,['Dev Ops']
100,324,['Cybersecurity']
101,325,['Web Development']
102,327,"['Data Analysis', 'Backend Development']"
103,331,"['Artificial Intelligence', 'Flutter']"
104,344,"['Web Development', 'Security']"
105,348,"['Web Development', 'Software Development']"
106,349,"['Cloud Services', 'Image Processing']"
107,350,"['Information Security', 'Dev Ops']"
108,357,"['Deep Learning', 'Backend Development']"
109,360,['Android']
110,363,['Software Development']
111,368,"['App Development', 'Data Analysis']"
112,373,"['Natural Language Processing', 'Machine Learning']"
113,379,"['Dev Ops', 'Machine Learning']"
114,383,"['Software Development', 'Web Development']"
115,385,"['Web Development', 'Security']"
116,393,"['Data Analysis', 'Android']"
117,394,"['Web Development', 'Blockchain']"
118,396,"['Cybersecurity', 'Backend Development']"
119,400,"['Natural Language Processing', 'Artificial Intelligence']"
120,402,['Software Development']
121,403,"['Web3', 'Information Security']"
122,406,"['Deep Learning', 'Natural Language Processing']"
123,407,"['Deep Learning', 'Backend Development']"
124,410,"['Web Development', 'Backend Development']"
125,413,"['Security', 'Android']"
126,414,"['Natural Language Processing', 'Image Processing']"
127,422,['Android']
128,427,"['Information Security', 'Web Development']"
129,442,"['Deep Learning', 'Software Development']"
130,445,"['Software Development', 'Blockchain']"
131,448,"['Cloud Services', 'Data Analysis']"
132,450,"['Web Development', 'App Development']"
133,452,"['Artificial Intelligence', 'Dev Ops']"
134,457,['Cryptocurrency']
135,458,"['Cybersecurity', 'Android']"
136,459,"['Software Development', 'Security']"
137,460,"['Flutter', 'Data Science']"
138,462,"['Flutter', 'Web Development']"
139,464,"['Web3', 'Web Development']"
140,467,"['Deep Learning', 'Data Analysis']"
141,472,['Cybersecurity']
142,475,['Dev Ops']
143,477,"['Web3', 'Cybersecurity']"
144,483,"['Flutter', 'Web Development']"
145,484,"['Security', 'Software Development']"
146,485,"['Software Development', 'Backend Development']"
147,486,"['Security', 'Software Development']"
148,489,"['Data Science', 'Deep Learning']"
149,495,"['Image Processing', 'Flutter']"
150,496,"['Natural Language Processing', 'Flutter']"
151,498,"['Image Processing', 'Software Development']"
152,499,['Dev Ops']
153,500,['Dev Ops']
154,503,"['Natural Language Processing', 'Android']"
155,505,"['Data Science', 'Software Development']"
156,506,"['Image Processing', 'Natural Language Processing']"
157,509,['App Development']
158,512,"['Web3', 'Security']"
159,514,"['Web Development', 'Web3']"
160,515,"['Cloud Services', 'Machine Learning']"
161,516,"['Software Development', 'Cryptocurrency']"
162,518,"['Software Development', 'Cybersecurity']"
163,520,"['Dev Ops', 'Android']"
164,523,"['Cryptocurrency', 'App Development']"
165,528,"['Natural Language Processing', 'Deep Learning']"
166,529,['Data Science']
167,533,['Flutter']
168,535,"['Machine Learning', 'Web Development']"
169,537,"['Information Security', 'Cryptocurrency']"
170,542,['Machine Learning']
171,546,"['Image Processing', 'Web Development']"
172,550,"['Cloud Computing', 'Web Development']"
173,556,"['Web Development', 'Flutter']"
174,558,['Web Development']
175,559,"['App Development', 'Android']"
176,560,"['Natural Language Processing', 'Artificial Intelligence']"
177,563,"['Web Development', 'Cryptocurrency']"
178,567,"['Web Development', 'Backend Development']"
179,571,['Web Development']
180,576,['Software Development']
181,582,"['Software Development', 'Backend Development']"
182,583,"['Security', 'Backend Development']"
183,586,['Web Development']
184,587,['Backend Development']
185,594,['Image Processing']
186,595,['Web Development']
187,597,"['Cloud Computing', 'Image Processing']"
188,601,"['Cryptocurrency', 'Flutter']"
189,603,"['Flutter', 'Android']"
190,608,"['App Development', 'Data Analysis']"
191,609,"['Cloud Services', 'Deep Learning']"
192,611,"['Web Development', 'Blockchain']"
193,616,"['Web3', 'Dev Ops']"
194,620,['Cybersecurity']
195,623,"['Deep Learning', 'Data Science']"
196,627,['Natural Language Processing']
197,629,"['Machine Learning', 'Cloud Computing']"
198,630,"['Information Security', 'Web Development']"
199,635,"['Deep Learning', 'Flutter']"
200,638,"['Image Processing', 'Android']"
201,648,"['Software Development', 'Backend Development']"
202,650,"['Web Development', 'Backend Development']"
203,653,['Dev Ops']
204,657,"['Image Processing', 'Web Development']"
205,665,['App Development']
206,670,"['Web Development', 'Web3']"
207,671,"['Security', 'Flutter']"
208,683,['Backend Development']
209,686,"['Backend Development', 'Data Analysis']"
210,687,['Cybersecurity']
211,688,['Cryptocurrency']
212,689,"['Machine Learning', 'Software Development']"
213,691,"['Security', 'App Development']"
214,693,"['Image Processing', 'Android']"
215,699,"['Data Science', 'Backend Development']"
216,700,"['Flutter', 'Backend Development']"
217,704,"['Data Science', 'Backend Development']"
218,718,"['Web Development', 'Deep Learning']"
219,721,"['Flutter', 'Android']"
220,725,['App Development']
221,727,['Security']
222,731,"['Information Security', 'Backend Development']"
223,735,['Web3']
224,738,['Data Analysis']
225,746,"['Cloud Computing', 'Cloud Services']"
226,756,"['App Development', 'Web Development']"
227,758,"['Deep Learning', 'Natural Language Processing']"
228,762,"['Cloud Services', 'Cybersecurity']"
229,769,['Cloud Services']
230,772,"['Cloud Services', 'Cloud Computing']"
231,773,['Security']
232,776,['Web3']
233,779,"['Deep Learning', 'Flutter']"
234,782,['Backend Development']
235,784,['Image Processing']
236,787,"['Deep Learning', 'Android']"
237,793,"['Natural Language Processing', 'Image Processing']"
238,796,"['Android', 'App Development']"
239,800,"['Security', 'Backend Development']"
240,808,"['Cloud Services', 'Software Development']"
241,809,"['Deep Learning', 'Backend Development']"
242,815,"['Data Analysis', 'Cloud Services']"
243,820,['Web Development']
244,821,"['Data Science', 'Natural Language Processing']"
245,822,['Android']
246,824,"['Data Science', 'Deep Learning']"
247,825,['Flutter']
248,826,['Android']
249,827,"['App Development', 'Data Science']"
250,829,"['Dev Ops', 'Data Science']"
251,838,['Web Development']
252,847,['Backend Development']
253,848,['Flutter']
254,857,['Data Science']
255,863,['Android']
256,866,"['Backend Development', 'Web Development']"
257,871,"['Image Processing', 'Software Development']"
258,873,"['Blockchain', 'Software Development']"
259,875,"['Web Development', 'Cybersecurity']"
260,882,"['Natural Language Processing', 'Image Processing']"
261,883,"['Artificial Intelligence', 'App Development']"
262,885,['Machine Learning']
263,893,"['Android', 'Natural Language Processing']"
264,896,"['Deep Learning', 'Backend Development']"
265,901,['Web3']
266,906,"['Data Science', 'App Development']"
267,910,['Web Development']
268,915,['Image Processing']
269,923,"['Cybersecurity', 'Security']"
270,924,"['Backend Development', 'Artificial Intelligence']"
271,925,['Web Development']
272,926,"['Natural Language Processing', 'Dev Ops']"
273,928,"['Security', 'App Development']"
274,930,"['App Development', 'Cybersecurity']"
275,931,"['Artificial Intelligence', 'Machine Learning']"
276,932,"['Flutter', 'Natural Language Processing']"
277,933,['App Development']
278,934,['Backend Development']
279,935,['Flutter']
280,936,"['Web3', 'App Development']"
281,937,['Web3']
282,941,"['Blockchain', 'Android']"
283,945,"['App Development', 'Android']"
284,951,"['Natural Language Processing', 'Android']"
285,952,"['Flutter', 'Cloud Computing']"
286,954,['Data Analysis']
287,964,"['Deep Learning', 'App Development']"
288,965,"['Web Development', 'Information Security']"
289,967,['Artificial Intelligence']
290,969,"['Backend Development', 'Image Processing']"
291,974,"['Dev Ops', 'Cybersecurity']"
292,975,"['Natural Language Processing', 'Image Processing']"
293,979,"['Backend Development', 'Information Security']"
294,980,['Web Development']
295,995,"['Information Security', 'Cryptocurrency']"
296,996,['Cloud Computing']
297,1002,"['Deep Learning', 'Artificial Intelligence']"
298,1008,"['Software Development', 'Web Development']"
299,1010,['Information Security']
300,1013,['Android']
301,1019,"['Natural Language Processing', 'Artificial Intelligence']"
302,1022,"['Machine Learning', 'Natural Language Processing']"
303,1030,"['App Development', 'Flutter']"
304,1038,"['Dev Ops', 'Cybersecurity']"
305,1065,"['Data Science', 'Machine Learning']"
306,1075,"['Backend Development', 'Web3']"
307,1096,['Image Processing']
308,1098,"['Security', 'Software Development']"
309,1105,['Cryptocurrency']
310,1111,"['Web Development', 'Web3']"
311,1112,"['Information Security', 'Security']"
312,1121,"['Web Development', 'Deep Learning']"
313,1122,['Deep Learning']
314,1125,"['Android', 'Data Analysis']"
315,1137,"['Deep Learning', 'Machine Learning']"
316,1140,['Data Science']
317,1141,"['Dev Ops', 'Machine Learning']"
318,1150,"['Web3', 'Cybersecurity']"
319,1151,"['Cloud Computing', 'Software Development']"
320,1164,"['Cloud Services', 'Flutter']"
321,1166,"['Web Development', 'Backend Development']"
322,1180,"['Dev Ops', 'Flutter']"
323,1189,['App Development']
324,1191,['Flutter']
325,1195,"['Web3', 'Android']"
326,1198,['Android']
327,1199,"['Software Development', 'Web Development']"
328,1200,"['Web3', 'Blockchain']"
329,1202,"['Software Development', 'Android']"
330,1205,['App Development']
331,1206,"['Dev Ops', 'Cloud Services']"
332,1209,"['Dev Ops', 'Blockchain']"
333,1223,"['App Development', 'Machine Learning']"
334,1231,"['Web3', 'Information Security']"
335,1232,"['Artificial Intelligence', 'Machine Learning']"
336,1234,"['App Development', 'Backend Development']"
337,1242,"['Blockchain', 'Cybersecurity']"
338,1249,"['Web3', 'Web Development']"
339,1261,['Dev Ops']
340,1265,['Android']
341,1266,"['App Development', 'Web Development']"
342,1268,['Software Development']
343,1269,['Blockchain']
344,1272,['Cloud Services']
345,1273,"['Software Development', 'Web3']"
346,1276,"['Deep Learning', 'Artificial Intelligence']"
347,1278,['Image Processing']
348,1284,['Cloud Services']
349,1285,"['Machine Learning', 'Software Development']"
350,1287,['Backend Development']
351,1295,['Web Development']
352,1296,"['Flutter', 'Security']"
353,1298,"['Data Science', 'Backend Development']"
354,1304,['Security']
355,1308,"['Deep Learning', 'Artificial Intelligence']"
356,1311,['Deep Learning']
357,1314,"['Software Development', 'Security']"
358,1318,"['Data Analysis', 'Machine Learning']"
359,1319,"['Web Development', 'Natural Language Processing']"
360,1320,"['Flutter', 'App Development']"
361,1324,"['Android', 'Flutter']"
362,1325,['Web3']
363,1327,"['Cybersecurity', 'Security']"
364,1329,"['Backend Development', 'Information Security']"
365,1333,"['Web3', 'Information Security']"
366,1335,"['Software Development', 'Backend Development']"
367,1337,"['Android', 'Data Analysis']"
368,1339,"['Cryptocurrency', 'Backend Development']"
369,1340,"['Information Security', 'Blockchain']"
370,1344,"['Information Security', 'Android']"
371,1350,"['Information Security', 'Android']"
372,1351,['Flutter']
373,1355,"['Dev Ops', 'Web Development']"
374,1358,"['Artificial Intelligence', 'Data Analysis']"
375,1361,"['Security', 'App Development']"
376,1366,['Cybersecurity']
377,1367,"['Cybersecurity', 'Cloud Computing']"
378,1371,"['Data Science', 'Data Analysis']"
379,1373,['Cybersecurity']
380,1375,['Security']
381,1377,['Flutter']
382,1380,['Data Analysis']
383,1381,"['Cloud Computing', 'Data Science']"
384,1389,"['Flutter', 'App Development']"
385,1390,"['Software Development', 'Backend Development']"
386,1397,['Cybersecurity']
387,1400,"['Software Development', 'Blockchain']"
388,1403,['Blockchain']
389,1404,"['Blockchain', 'Cybersecurity']"
390,1405,"['Flutter', 'Data Analysis']"
391,1407,['Information Security']
392,1408,"['Cryptocurrency', 'Flutter']"
393,1409,"['Software Development', 'Security']"
394,1410,['Data Science']
395,1411,['Software Development']
396,1414,['Security']
397,1416,['Data Analysis']
398,1418,"['Cloud Computing', 'Information Security']"
399,1422,"['Cloud Computing', 'Data Analysis']"
400,1425,"['Web Development', 'Software Development']"
401,1426,['Cybersecurity']
402,1428,"['Security', 'Cryptocurrency']"
403,1430,"['Deep Learning', 'Machine Learning']"
404,1432,"['App Development', 'Dev Ops']"
405,1440,"['Backend Development', 'Machine Learning']"
406,1442,"['Data Science', 'Deep Learning']"
407,1455,"['Flutter', 'Backend Development']"
408,1459,"['App Development', 'Flutter']"
409,1463,['Android']
410,1466,['Dev Ops']
411,1471,"['App Development', 'Security']"
412,1479,"['Web Development', 'Backend Development']"
413,1480,"['Flutter', 'Android']"
414,1485,"['Software Development', 'Backend Development']"
415,1490,"['Machine Learning', 'Flutter']"
416,1499,"['Flutter', 'Data Analysis']"
417,1504,"['Natural Language Processing', 'Machine Learning']"
418,1507,"['Machine Learning', 'Web Development']"
419,1514,"['Artificial Intelligence', 'Image Processing']"
420,1519,"['Cryptocurrency', 'Blockchain']"
421,1520,['Web Development']
422,1521,"['Data Analysis', 'Backend Development']"
423,1522,['Android']
424,1523,"['Information Security', 'Software Development']"
425,1524,['Dev Ops']
426,1525,"['Cybersecurity', 'Backend Development']"
427,1526,"['Natural Language Processing', 'Deep Learning']"
428,1527,['App Development']
429,1528,"['App Development', 'Flutter']"
430,1535,"['Information Security', 'Flutter']"
431,1539,"['App Development', 'Data Science']"
432,1540,['Cloud Services']
433,1542,"['Cybersecurity', 'Flutter']"
434,1545,"['Data Science', 'Data Analysis']"
435,1547,"['Flutter', 'App Development']"
436,1559,"['Web Development', 'Data Analysis']"
437,1568,"['Flutter', 'Web Development']"
438,1574,['Cybersecurity']
439,1582,"['Cloud Computing', 'App Development']"
440,1592,['Flutter']
441,1595,"['Cryptocurrency', 'Web Development']"
442,1610,['Dev Ops']
443,1611,"['Software Development', 'Backend Development']"
444,1613,"['Android', 'Flutter']"
445,1618,"['Image Processing', 'Natural Language Processing']"
446,1619,['Image Processing']
447,1620,"['Machine Learning', 'Android']"
448,1624,['Web3']
449,1626,['Security']
450,1635,['Cloud Services']
451,1640,"['Security', 'Software Development']"
452,1641,"['Natural Language Processing', 'Data Analysis']"
453,1643,['Flutter']
454,1644,"['Android', 'Flutter']"
455,1646,"['Security', 'Information Security']"
456,1647,['Artificial Intelligence']
457,1651,"['Web3', 'Web Development']"
458,1657,['Cryptocurrency']
459,1659,['Machine Learning']
460,1664,"['Cybersecurity', 'Android']"
461,1665,['Android']
462,1669,['Web Development']
463,1670,['Blockchain']
464,1673,"['Flutter', 'Cryptocurrency']"
465,1675,"['Cloud Computing', 'Dev Ops']"
466,1685,"['Web Development', 'Natural Language Processing']"
467,1689,"['Cloud Services', 'Machine Learning']"
468,1690,"['Web Development', 'Backend Development']"
469,1693,"['Information Security', 'Security']"
470,1696,"['Natural Language Processing', 'Deep Learning']"
471,1701,"['Cryptocurrency', 'App Development']"
472,1706,"['Android', 'Machine Learning']"
473,1708,"['Android', 'Flutter']"
474,1711,"['Blockchain', 'Web Development']"
475,1715,['Information Security']
476,1719,"['Cybersecurity', 'Web3']"
477,1722,"['Dev Ops', 'Web Development']"
478,1726,"['App Development', 'Backend Development']"
479,1733,"['Web Development', 'Artificial Intelligence']"
480,1735,"['Cryptocurrency', 'Android']"
481,1741,['Data Analysis']
482,1756,['Software Development']
483,1758,"['Backend Development', 'Web Development']"
484,1760,['App Development']
485,1763,"['Cybersecurity', 'Blockchain']"
486,1765,['Deep Learning']
487,1769,['Web3']
488,1771,"['Backend Development', 'Android']"
489,1776,"['Software Development', 'Backend Development']"
490,1777,"['Flutter', 'Android']"
491,1783,"['Deep Learning', 'Web Development']"
492,1785,"['Machine Learning', 'Image Processing']"
493,1791,"['Data Analysis', 'Natural Language Processing']"
494,1793,"['Web Development', 'Information Security']"
495,1794,"['App Development', 'Artificial Intelligence']"
496,1796,"['App Development', 'Android']"
497,1797,"['Data Science', 'Flutter']"
498,1801,['Dev Ops']
499,1805,"['Cryptocurrency', 'Web Development']"
500,1806,['App Development']
501,1808,['Web3']
502,1810,"['Information Security', 'Security']"
503,1811,['Web3']
504,1813,"['Dev Ops', 'Natural Language Processing']"
505,1814,"['Natural Language Processing', 'App Development']"
506,1816,"['Data Analysis', 'Flutter']"
507,1823,"['Information Security', 'Cloud Computing']"
508,1827,"['Android', 'Backend Development']"
509,1829,"['Blockchain', 'Security']"
510,1834,"['Deep Learning', 'Natural Language Processing']"
511,1837,['Data Science']
512,1850,['Cloud Services']
513,1853,['Blockchain']
514,1859,"['Cloud Services', 'Data Science']"
515,1867,['Software Development']
516,1875,"['Web3', 'Dev Ops']"
517,1881,"['Natural Language Processing', 'Flutter']"
518,1883,['Security']
519,1892,"['Blockchain', 'Backend Development']"
520,1899,['Security']
521,1900,"['Android', 'Flutter']"
522,1901,"['Image Processing', 'Android']"
523,1906,['Backend Development']
524,1911,['App Development']
525,1913,['Android']
526,1915,"['Security', 'Backend Development']"
527,1917,"['Data Analysis', 'Software Development']"
528,1918,"['Flutter', 'App Development']"
529,1922,['App Development']
530,1923,"['Deep Learning', 'Flutter']"
531,1925,"['Android', 'Flutter']"
532,1929,"['App Development', 'Data Analysis']"
533,1932,"['Android', 'Backend Development']"
534,1934,"['Information Security', 'Backend Development']"
535,1939,['Software Development']
536,1942,"['Blockchain', 'Cybersecurity']"
537,1949,['Information Security']
538,1951,['Natural Language Processing']
539,1956,"['Web Development', 'Software Development']"
540,1959,"['Backend Development', 'Security']"
541,1960,"['Software Development', 'Backend Development']"
542,1964,"['Natural Language Processing', 'Web Development']"
543,1965,"['Android', 'App Development']"
544,1967,"['Information Security', 'App Development']"
545,1968,"['Software Development', 'Blockchain']"
546,1972,"['Software Development', 'Backend Development']"
547,1973,"['Cloud Computing', 'Software Development']"
548,1974,['Cryptocurrency']
549,1978,"['Blockchain', 'Flutter']"
550,1980,"['Cryptocurrency', 'Software Development']"
551,1983,['Cryptocurrency']
552,1988,['Android']
553,1989,"['Deep Learning', 'Backend Development']"
554,1991,"['Software Development', 'App Development']"
555,1992,"['Dev Ops', 'Security']"
556,1994,"['Dev Ops', 'App Development']"
557,1999,"['Flutter', 'App Development']"
558,2001,"['Artificial Intelligence', 'Deep Learning']"
559,2003,['Software Development']
560,2010,"['Data Analysis', 'Flutter']"
561,2012,['Information Security']
562,2016,"['Blockchain', 'Flutter']"
563,2017,"['App Development', 'Information Security']"
564,2018,['Security']
565,2022,['Software Development']
566,2025,"['Android', 'Flutter']"
567,2034,"['Dev Ops', 'App Development']"
568,2040,"['Data Science', 'Flutter']"
569,2041,"['Android', 'App Development']"
570,2046,['Data Science']
571,2047,"['Cybersecurity', 'Web Development']"
572,2055,['Deep Learning']
573,2058,"['Image Processing', 'Web Development']"
574,2061,"['Data Science', 'Natural Language Processing']"
575,2064,"['Data Analysis', 'Natural Language Processing']"
576,2065,"['Flutter', 'Android']"
577,2067,"['Web3', 'Backend Development']"
578,2070,"['Backend Development', 'Android']"
579,2071,"['Cryptocurrency', 'Flutter']"
580,2075,['App Development']
581,2077,"['Natural Language Processing', 'Flutter']"
582,2081,['Deep Learning']
583,2083,"['Flutter', 'Cybersecurity']"
584,2087,['App Development']
585,2099,"['Android', 'Flutter']"
586,2100,"['Android', 'Backend Development']"
587,2103,['Artificial Intelligence']
588,2108,"['Web Development', 'App Development']"
589,2114,['Flutter']
590,2115,"['Security', 'Software Development']"
591,2117,"['Cryptocurrency', 'Web3']"
592,2118,"['Web3', 'Cybersecurity']"
593,2119,"['Dev Ops', 'Cryptocurrency']"
594,2123,"['Cryptocurrency', 'Web Development']"
595,2124,"['Natural Language Processing', 'Image Processing']"
596,2125,['Software Development']
597,2127,"['Image Processing', 'Machine Learning']"
598,2134,"['Software Development', 'Security']"
599,2136,['Web3']
600,2138,"['Image Processing', 'Data Science']"
601,2139,"['Deep Learning', 'Android']"
602,2141,"['Artificial Intelligence', 'Backend Development']"
603,2145,"['Machine Learning', 'Flutter']"
604,2158,['Android']
605,2159,"['Flutter', 'Data Analysis']"
606,2160,"['Data Analysis', 'App Development']"
607,2163,['Data Analysis']
608,2168,"['Dev Ops', 'Natural Language Processing']"
609,2179,"['Information Security', 'Backend Development']"
610,2180,"['Cybersecurity', 'Flutter']"
611,2181,['Web Development']
612,2193,"['Web Development', 'Cybersecurity']"
613,2197,['Cybersecurity']
614,2216,['Flutter']
615,2224,['Software Development']
616,2228,"['Cybersecurity', 'Backend Development']"
617,2236,"['Backend Development', 'Software Development']"
618,2238,"['Backend Development', 'Web Development']"
619,2242,"['Security', 'Information Security']"
620,2248,"['Deep Learning', 'Image Processing']"
621,2255,['Data Science']
622,2256,"['Web3', 'App Development']"
623,2268,"['Flutter', 'Cybersecurity']"
624,2275,"['Machine Learning', 'Deep Learning']"
625,2279,"['Cryptocurrency', 'Android']"
626,2285,['Blockchain']
627,2286,"['Natural Language Processing', 'Artificial Intelligence']"
628,2287,"['Web3', 'Information Security']"
629,2289,"['App Development', 'Android']"
630,2294,"['Dev Ops', 'Natural Language Processing']"
631,2305,"['Android', 'Natural Language Processing']"
632,2306,"['Machine Learning', 'Web Development']"
633,2310,"['Blockchain', 'Security']"
634,2314,"['Android', 'App Development']"
635,2318,"['Cloud Services', 'Web Development']"
636,2327,"['Backend Development', 'Web Development']"
637,2331,"['Cybersecurity', 'Cryptocurrency']"
638,2333,['Blockchain']
639,2335,"['Flutter', 'Android']"
640,2345,['Artificial Intelligence']
641,2347,"['Artificial Intelligence', 'Data Analysis']"
642,2348,['Software Development']
643,2352,"['Backend Development', 'Data Analysis']"
644,2360,"['App Development', 'Web3']"
645,2367,"['App Development', 'Android']"
646,2394,"['Software Development', 'Web Development']"
647,2398,"['Machine Learning', 'Natural Language Processing']"
648,2402,"['Natural Language Processing', 'Flutter']"
649,2410,['Web Development']
650,2420,['Android']
651,2425,"['Image Processing', 'Software Development']"
652,2435,"['Information Security', 'Software Development']"
653,2441,"['Software Development', 'Cryptocurrency']"
654,2442,"['App Development', 'Flutter']"
655,2443,['Blockchain']
656,2444,"['Software Development', 'Cybersecurity']"
657,2447,['App Development']
658,2450,"['Data Analysis', 'Data Science']"
659,2454,"['Backend Development', 'Natural Language Processing']"
660,2462,"['Flutter', 'Blockchain']"
661,2463,['Backend Development']
662,2466,"['App Development', 'Backend Development']"
663,2467,['Image Processing']
664,2471,"['Blockchain', 'Flutter']"
665,2479,"['Cryptocurrency', 'Cloud Services']"
666,2482,"['Cybersecurity', 'Backend Development']"
667,2490,"['Data Analysis', 'Machine Learning']"
668,2495,"['Cloud Computing', 'Web3']"
669,2500,"['Deep Learning', 'Backend Development']"
670,2504,"['Blockchain', 'Software Development']"
671,2506,"['Cloud Computing', 'Deep Learning']"
672,2511,"['Web Development', 'App Development']"
673,2514,"['Web Development', 'Web3']"
674,2517,"['Cryptocurrency', 'Dev Ops']"
675,2518,"['Cybersecurity', 'Flutter']"
676,2521,"['Software Development', 'Cybersecurity']"
677,2528,['Web Development']
678,2533,"['Cybersecurity', 'App Development']"
679,2537,"['Dev Ops', 'Data Science']"
680,2538,['Deep Learning']
681,2542,"['Web Development', 'Backend Development']"
682,2553,['Security']
683,2554,"['Backend Development', 'Artificial Intelligence']"
684,2560,"['Cryptocurrency', 'Software Development']"
685,2565,['Web Development']
686,2567,"['Cryptocurrency', 'Software Development']"
687,2589,['Natural Language Processing']
688,2595,"['Machine Learning', 'Data Science']"
689,2596,"['Dev Ops', 'Artificial Intelligence']"
690,2603,"['Android', 'Backend Development']"
691,2606,['Natural Language Processing']
692,2622,['Data Science']
693,2626,"['Cryptocurrency', 'Backend Development']"
694,2641,"['Flutter', 'Backend Development']"
695,2642,['Image Processing']
696,2650,"['Flutter', 'Android']"
697,2652,"['App Development', 'Backend Development']"
698,2653,"['Web Development', 'Backend Development']"
699,2659,"['Dev Ops', 'Blockchain']"
700,2673,['Machine Learning']
701,2674,['Backend Development']
702,2675,['Web Development']
703,2682,"['Data Science', 'Deep Learning']"
704,2684,['Software Development']
705,2705,"['Dev Ops', 'Cloud Services']"
706,2709,"['Data Analysis', 'Flutter']"
707,2710,['Flutter']
708,2713,['Cryptocurrency']
709,2715,['App Development']
710,2724,"['Cybersecurity', 'Software Development']"
711,2726,"['App Development', 'Flutter']"
712,2727,"['App Development', 'Information Security']"
713,2734,"['Web Development', 'App Development']"
714,2740,['Dev Ops']
715,2741,['App Development']
716,2752,"['Natural Language Processing', 'App Development']"
717,2755,"['Flutter', 'Web Development']"
718,2761,"['Deep Learning', 'Artificial Intelligence']"
719,2762,['Software Development']
720,2765,['Cryptocurrency']
721,2771,['Information Security']
722,2776,['Cryptocurrency']
723,2778,['Image Processing']
724,2783,['Software Development']
725,2785,"['Natural Language Processing', 'Software Development']"
726,2788,"['Software Development', 'Web Development']"
727,2791,"['Cybersecurity', 'Software Development']"
728,2792,['Machine Learning']
729,2795,"['Dev Ops', 'App Development']"
730,2804,['Data Science']
731,2811,['Web3']
732,2818,['Android']
733,2825,"['Cryptocurrency', 'Security']"
734,2834,"['Image Processing', 'Web Development']"
735,2855,"['Data Analysis', 'Natural Language Processing']"
736,2868,"['Android', 'Backend Development']"
737,2872,"['Machine Learning', 'Flutter']"
738,2888,"['Cryptocurrency', 'Android']"
739,2890,['App Development']
740,2896,"['Dev Ops', 'Cryptocurrency']"
741,2901,['Data Science']
742,2905,['Cloud Computing']
743,2909,['Backend Development']
744,2917,"['Cryptocurrency', 'Blockchain']"
745,2918,"['Web3', 'Blockchain']"
746,2927,"['Artificial Intelligence', 'App Development']"
747,2929,['Data Analysis']
748,2936,"['Web3', 'Security']"
749,2940,['Backend Development']
750,2943,"['Natural Language Processing', 'Deep Learning']"
751,2944,"['Android', 'Flutter']"
752,2945,['Cybersecurity']
753,2948,"['Natural Language Processing', 'Flutter']"
754,2949,['Image Processing']
755,2958,['Android']
756,2961,"['Dev Ops', 'Cryptocurrency']"
757,2963,['Blockchain']
758,2964,"['Information Security', 'Cybersecurity']"
759,2969,"['Cloud Computing', 'Natural Language Processing']"
760,2974,['Cryptocurrency']
761,2976,"['App Development', 'Flutter']"
762,2978,"['Data Science', 'Web Development']"
763,2981,['Machine Learning']
764,2991,"['Flutter', 'Android']"
765,2998,['Dev Ops']
766,3007,['App Development']
767,3013,"['Android', 'App Development']"
768,3014,['App Development']
769,3016,['Flutter']
770,3017,"['Natural Language Processing', 'Android']"
771,3027,['Data Science']
772,3034,['Natural Language Processing']
773,3046,"['Deep Learning', 'Natural Language Processing']"
774,3047,"['Information Security', 'Web3']"
775,3051,"['Backend Development', 'Web Development']"
776,3054,"['Machine Learning', 'Android']"
777,3055,"['Artificial Intelligence', 'Backend Development']"
778,3058,['App Development']
779,3059,"['Natural Language Processing', 'Deep Learning']"
780,3060,"['Machine Learning', 'Artificial Intelligence']"
781,3061,['Image Processing']
782,3068,"['Software Development', 'Data Science']"
783,3069,"['Cybersecurity', 'Cryptocurrency']"
784,3073,['Web3']
785,3080,"['Image Processing', 'Backend Development']"
786,3081,"['Backend Development', 'Cybersecurity']"
787,3095,"['Information Security', 'Web3']"
788,3104,"['Android', 'Natural Language Processing']"
789,3107,"['Software Development', 'Backend Development']"
790,3124,"['Dev Ops', 'Artificial Intelligence']"
791,3125,"['Data Science', 'Deep Learning']"
792,3126,['Flutter']
793,3127,"['Android', 'Software Development']"
794,3129,"['Dev Ops', 'Cloud Services']"
795,3144,"['Data Analysis', 'Natural Language Processing']"
796,3145,"['Data Analysis', 'Natural Language Processing']"
797,3146,"['Information Security', 'Flutter']"
798,3150,['Cloud Services']
799,3154,"['Software Development', 'Web Development']"
800,3163,['Cloud Services']
801,3176,"['Image Processing', 'Deep Learning']"
802,3178,"['Android', 'Flutter']"
803,3208,"['Dev Ops', 'Blockchain']"
804,3221,"['Flutter', 'Cloud Services']"
805,3232,['Information Security']
806,3240,"['Image Processing', 'Web Development']"
807,3241,"['Backend Development', 'Web3']"
808,3255,['Deep Learning']
809,3263,"['Web Development', 'Backend Development']"
810,3264,"['Backend Development', 'Web Development']"
811,3275,"['Web3', 'Web Development']"
812,3280,"['Image Processing', 'Data Science']"
813,3282,['Flutter']
814,3284,"['Cryptocurrency', 'Blockchain']"
815,3290,"['Deep Learning', 'Software Development']"
816,3297,"['Software Development', 'Blockchain']"
817,3299,"['App Development', 'Android']"
818,3302,['Flutter']
819,3322,"['Artificial Intelligence', 'Backend Development']"
820,3324,"['Image Processing', 'Machine Learning']"
821,3328,"['Data Analysis', 'Android']"
822,3329,"['Backend Development', 'Cryptocurrency']"
823,3330,"['Security', 'Flutter']"
824,3332,"['Software Development', 'Web Development']"
825,3333,"['Cryptocurrency', 'Flutter']"
826,3336,['Android']
827,3337,"['Web3', 'Cryptocurrency']"
828,3341,['Cloud Computing']
829,3343,['Natural Language Processing']
830,3344,['Flutter']
831,3346,"['App Development', 'Software Development']"
832,3347,"['Web3', 'Cryptocurrency']"
833,3349,['Natural Language Processing']
834,3350,"['Cloud Services', 'Cryptocurrency']"
835,3357,['Security']
836,3361,"['Cryptocurrency', 'Web Development']"
837,3369,"['Blockchain', 'Software Development']"
838,3376,"['Cloud Services', 'Dev Ops']"
839,3377,"['Natural Language Processing', 'Flutter']"
840,3379,"['Cybersecurity', 'Information Security']"
841,3380,['Deep Learning']
842,3382,"['App Development', 'Backend Development']"
843,3384,"['Data Analysis', 'Deep Learning']"
844,3392,"['Natural Language Processing', 'Web Development']"
845,3393,['Android']
846,3395,"['App Development', 'Backend Development']"
847,3399,['Cloud Services']
848,3412,"['Cloud Computing', 'Web Development']"
849,3415,"['Cloud Services', 'Artificial Intelligence']"
850,3417,"['Web3', 'App Development']"
851,3423,['Blockchain']
852,3424,"['Image Processing', 'Machine Learning']"
853,3425,['Deep Learning']
854,3429,"['Software Development', 'Backend Development']"
855,3430,['Flutter']
856,3432,['Data Analysis']
857,3437,"['Image Processing', 'Web Development']"
858,3438,"['Information Security', 'Backend Development']"
859,3440,"['Cybersecurity', 'App Development']"
860,3445,"['Data Analysis', 'Machine Learning']"
861,3446,"['Cybersecurity', 'Flutter']"
862,3447,"['Security', 'Software Development']"
863,3454,"['Dev Ops', 'Blockchain']"
864,3455,['Web Development']
865,3462,"['Dev Ops', 'Deep Learning']"
866,3468,"['Software Development', 'Web3']"
867,3469,['Android']
868,3472,"['Cloud Services', 'Flutter']"
869,3481,"['Data Analysis', 'Backend Development']"
870,3483,['Dev Ops']
871,3489,"['Android', 'Information Security']"
872,3492,"['Natural Language Processing', 'Software Development']"
873,3495,['Image Processing']
874,3509,"['Web3', 'Backend Development']"
875,3511,"['Dev Ops', 'Cryptocurrency']"
876,3516,"['Dev Ops', 'Cloud Computing']"
877,3536,"['Dev Ops', 'Blockchain']"
878,3542,"['Machine Learning', 'Flutter']"
879,3547,"['App Development', 'Image Processing']"
880,3549,['Cryptocurrency']
881,3561,"['Dev Ops', 'Machine Learning']"
882,3570,"['Blockchain', 'Software Development']"
883,3571,['Cybersecurity']
884,3600,"['Deep Learning', 'Android']"
885,3601,"['Dev Ops', 'Web Development']"
886,3603,"['Web3', 'Backend Development']"
887,3604,['Backend Development']
888,3606,"['Web3', 'Cryptocurrency']"
889,3610,['Deep Learning']
890,3614,"['Web3', 'Security']"
891,3622,['Security']
892,3629,"['Web3', 'Cryptocurrency']"
893,3638,"['Cloud Services', 'Cryptocurrency']"
894,3648,"['Security', 'Flutter']"
895,3650,['Android']
896,3662,['Cloud Computing']
897,3663,"['Cloud Computing', 'Artificial Intelligence']"
898,3670,['Android']
899,3671,"['Machine Learning', 'Deep Learning']"
900,3674,['Software Development']
901,3678,"['Cloud Computing', 'Software Development']"
902,3680,"['Cloud Computing', 'Android']"
903,3683,"['Dev Ops', 'Blockchain']"
904,3687,"['Flutter', 'Data Science']"
905,3693,"['Security', 'Flutter']"
906,3697,"['Flutter', 'Backend Development']"
907,3698,"['Cybersecurity', 'Security']"
908,3700,"['Backend Development', 'Web Development']"
909,3701,"['Deep Learning', 'Artificial Intelligence']"
910,3706,['Cybersecurity']
911,3707,"['App Development', 'Flutter']"
912,3711,"['Cloud Services', 'Dev Ops']"
913,3712,['Information Security']
914,3714,"['Flutter', 'Android']"
915,3715,"['App Development', 'Flutter']"
916,3721,"['Backend Development', 'Web Development']"
917,3724,['Data Science']
918,3730,['Software Development']
919,3733,"['App Development', 'Web Development']"
920,3738,"['Blockchain', 'Cryptocurrency']"
921,3743,"['Deep Learning', 'Machine Learning']"
922,3757,"['Software Development', 'Machine Learning']"
923,3758,"['Web Development', 'Natural Language Processing']"
924,3759,['Android']
925,3763,"['Dev Ops', 'Data Analysis']"
926,3769,"['Flutter', 'Data Science']"
927,3771,['Information Security']
928,3772,['Deep Learning']
929,3776,"['Android', 'Flutter']"
930,3781,"['Image Processing', 'Web Development']"
931,3784,"['Android', 'Web Development']"
932,3800,['Cryptocurrency']
933,3813,"['Security', 'Backend Development']"
934,3816,"['Information Security', 'Backend Development']"
935,3817,"['App Development', 'Flutter']"
936,3826,['Software Development']
937,3828,['Image Processing']
938,3830,['Web Development']
939,3832,['Information Security']
940,3842,['Web3']
941,3866,"['Backend Development', 'Web Development']"
942,3870,['Cryptocurrency']
943,3876,"['Backend Development', 'Image Processing']"
944,3881,"['Web3', 'Web Development']"
945,3893,['App Development']
946,3896,['Android']
947,3899,"['Machine Learning', 'Flutter']"
948,3912,['Cybersecurity']
949,3915,"['Information Security', 'Web3']"
950,3916,"['Software Development', 'Information Security']"
951,3924,"['Information Security', 'Flutter']"
952,3929,['Cybersecurity']
953,3937,"['Flutter', 'Web Development']"
954,3940,"['Cybersecurity', 'Information Security']"
955,3942,['Web Development']
956,3945,['App Development']
957,3948,"['Web Development', 'Cybersecurity']"
958,3952,"['App Development', 'Android']"
959,3955,"['App Development', 'Backend Development']"
960,3957,['Image Processing']
961,3965,"['Web3', 'Android']"
962,3966,"['Machine Learning', 'Image Processing']"
963,3978,['Cryptocurrency']
964,3980,['Machine Learning']
965,3982,"['Web Development', 'Flutter']"
966,3993,"['Data Science', 'Artificial Intelligence']"
967,3994,"['Flutter', 'App Development']"
968,3995,"['Cybersecurity', 'Blockchain']"
969,3999,"['Web3', 'Blockchain']"
970,4002,"['Natural Language Processing', 'Artificial Intelligence']"
971,4004,"['Web Development', 'Information Security']"
972,4005,"['Cloud Services', 'Security']"
973,4008,"['Dev Ops', 'Deep Learning']"
974,4012,"['Dev Ops', 'Data Analysis']"
975,4013,['Software Development']
976,4017,"['Software Development', 'Security']"
977,4024,['Software Development']
978,4031,"['Flutter', 'Android']"
979,4037,['Android']
980,4046,"['Machine Learning', 'Image Processing']"
981,4053,"['Software Development', 'Backend Development']"
982,4054,"['Software Development', 'Natural Language Processing']"
983,4059,"['Natural Language Processing', 'Software Development']"
984,4060,"['Security', 'App Development']"
985,4070,"['Information Security', 'Android']"
986,4082,"['Web3', 'Information Security']"
987,4083,"['Image Processing', 'App Development']"
988,4085,"['Flutter', 'Backend Development']"
989,4089,"['Machine Learning', 'Backend Development']"
990,4093,"['Data Analysis', 'Deep Learning']"
991,4100,['Deep Learning']
992,4105,['Cryptocurrency']
993,4111,"['Cryptocurrency', 'Backend Development']"
994,4115,"['Machine Learning', 'Flutter']"
995,4116,"['Machine Learning', 'Web Development']"
996,4119,"['Web Development', 'Security']"
997,4120,"['Blockchain', 'Android']"
998,4121,"['Machine Learning', 'Natural Language Processing']"
999,4123,"['Security', 'Blockchain']"
1000,4130,"['Web3', 'Android']"
1001,4131,"['Cryptocurrency', 'Backend Development']"
1002,4133,"['Data Science', 'Backend Development']"
1003,4134,['Dev Ops']
1004,4135,"['Data Analysis', 'Web Development']"
1005,4137,"['Machine Learning', 'Android']"
1006,4138,"['Machine Learning', 'Web Development']"
1007,4140,"['Image Processing', 'Backend Development']"
1008,4142,"['Backend Development', 'Flutter']"
1009,4153,"['Cybersecurity', 'Blockchain']"
1010,4157,"['Web Development', 'Backend Development']"
1011,4160,"['Machine Learning', 'Flutter']"
1012,4166,"['Cloud Computing', 'Cloud Services']"
1013,4170,['Deep Learning']
1014,4173,['Web3']
1015,4177,"['Android', 'Backend Development']"
1016,4180,['Dev Ops']
1017,4186,"['Information Security', 'Flutter']"
1018,4196,"['Artificial Intelligence', 'Backend Development']"
1019,4210,"['Android', 'Flutter']"
1020,4217,"['Software Development', 'Android']"
1021,4218,"['Natural Language Processing', 'Data Analysis']"
1022,4223,"['Android', 'Data Science']"
1023,4229,"['Natural Language Processing', 'Backend Development']"
1024,4236,"['Software Development', 'Web Development']"
1025,4250,"['Machine Learning', 'App Development']"
1026,4255,['Cybersecurity']
1027,4256,['Dev Ops']
1028,4260,"['App Development', 'Cloud Computing']"
1029,4265,"['Artificial Intelligence', 'Android']"
1030,4269,"['Machine Learning', 'Flutter']"
1031,4272,['Deep Learning']
1032,4276,"['Android', 'Backend Development']"
1033,4278,"['Data Science', 'Image Processing']"
1034,4282,['App Development']
1035,4287,"['Cryptocurrency', 'App Development']"
1036,4288,"['Software Development', 'Data Science']"
1037,4297,"['Information Security', 'Cybersecurity']"
1038,4300,['Security']
1039,4302,"['Deep Learning', 'Image Processing']"
1040,4303,"['Information Security', 'Blockchain']"
1041,4304,"['Dev Ops', 'Blockchain']"
1042,4305,['Web Development']
1043,4308,"['Backend Development', 'Image Processing']"
1044,4310,['App Development']
1045,4314,"['Information Security', 'Web3']"
1046,4315,['Data Analysis']
1047,4331,"['Security', 'Cryptocurrency']"
1048,4332,"['Backend Development', 'Flutter']"
1049,4337,['Cryptocurrency']
1050,4338,['Deep Learning']
1051,4342,['Flutter']
1052,4345,"['Data Science', 'Deep Learning']"
1053,4348,['Deep Learning']
1054,4377,"['Web Development', 'Cryptocurrency']"
1055,4387,['Backend Development']
1056,4397,"['Data Science', 'Deep Learning']"
1057,4401,['Web Development']
1058,4406,"['Software Development', 'Backend Development']"
1059,4412,"['Image Processing', 'Data Science']"
1060,4418,['Flutter']
1061,4426,['Data Science']
1062,4427,"['App Development', 'Software Development']"
1063,4433,"['App Development', 'Natural Language Processing']"
1064,4439,"['Artificial Intelligence', 'Flutter']"
1065,4441,"['Cryptocurrency', 'Information Security']"
1066,4444,"['Natural Language Processing', 'Image Processing']"
1067,4447,"['App Development', 'Data Analysis']"
1068,4454,"['Cybersecurity', 'Web Development']"
1069,4458,"['Web3', 'Cloud Computing']"
1070,4472,"['Software Development', 'Backend Development']"
1071,4481,['Natural Language Processing']
1072,4486,"['Android', 'Flutter']"
1073,4488,['Cybersecurity']
1074,4502,['Web Development']
1075,4515,"['Data Science', 'Natural Language Processing']"
1076,4520,"['Deep Learning', 'Software Development']"
1077,4524,['Cryptocurrency']
1078,4534,['App Development']
1079,4539,"['App Development', 'Cybersecurity']"
1080,4540,['Image Processing']
1081,4543,"['Machine Learning', 'Backend Development']"
1082,4550,"['Android', 'Backend Development']"
1083,4557,"['Flutter', 'Web Development']"
1084,4562,['Web3']
1085,4563,['Software Development']
1086,4579,"['Android', 'App Development']"
1087,4582,['App Development']
1088,4585,"['Cryptocurrency', 'Information Security']"
1089,4587,['Deep Learning']
1090,4589,"['Cybersecurity', 'Cloud Computing']"
1091,4593,"['Data Science', 'Image Processing']"
1092,4594,['Image Processing']
1093,4598,"['App Development', 'Data Science']"
1094,4600,"['App Development', 'Information Security']"
1095,4604,['Flutter']
1096,4615,['Web Development']
1097,4616,"['Web3', 'Android']"
1098,4620,"['Data Science', 'Software Development']"
1099,4629,['Artificial Intelligence']
1100,4645,"['Web3', 'Backend Development']"
1101,4653,"['Cryptocurrency', 'Web3']"
1102,4654,"['Cloud Services', 'Dev Ops']"
1103,4656,['Natural Language Processing']
1104,4660,['Flutter']
1105,4664,"['Blockchain', 'Flutter']"
1106,4670,"['Web3', 'Backend Development']"
1107,4681,"['Android', 'Natural Language Processing']"
1108,4685,"['Information Security', 'Backend Development']"
1109,4695,"['Web Development', 'Cybersecurity']"
1110,4701,"['Dev Ops', 'Cloud Services']"
1111,4706,"['Deep Learning', 'Web Development']"
1112,4707,"['Web Development', 'Backend Development']"
1113,4708,"['Deep Learning', 'Cloud Computing']"
1114,4709,"['Security', 'Software Development']"
1115,4713,"['Data Analysis', 'Natural Language Processing']"
1116,4715,"['Software Development', 'Backend Development']"
1117,4741,['Data Science']
1118,4748,['Android']
1119,4751,"['App Development', 'Android']"
1120,4752,"['Blockchain', 'Security']"
1121,4753,"['Cloud Computing', 'Cybersecurity']"
1122,4754,"['Web3', 'Web Development']"
1123,4756,"['Flutter', 'Web Development']"
1124,4758,"['Web Development', 'Data Science']"
1125,4772,"['Dev Ops', 'Software Development']"
1126,4783,"['Cybersecurity', 'Backend Development']"
1127,4784,"['Security', 'Information Security']"
1128,4794,['Backend Development']
1129,4796,"['Cloud Computing', 'Machine Learning']"
1130,4804,"['Web3', 'Security']"
1131,4807,['Cloud Computing']
1132,4810,['Flutter']
1133,4823,['Android']
1134,4834,"['Information Security', 'Android']"
1135,4835,"['Blockchain', 'App Development']"
1136,4839,['Information Security']
1137,4849,['App Development']
1138,4856,"['Cryptocurrency', 'Backend Development']"
1139,4860,"['Android', 'Information Security']"
1140,4863,['Natural Language Processing']
1141,4865,"['Data Analysis', 'Android']"
1142,4867,['Flutter']
1143,4870,"['Natural Language Processing', 'Web Development']"
1144,4877,['App Development']
1145,4878,['Natural Language Processing']
1146,4882,"['Data Analysis', 'Machine Learning']"
1147,4885,"['Cybersecurity', 'Android']"
1148,4903,"['Cryptocurrency', 'Blockchain']"
1149,4904,"['Deep Learning', 'Artificial Intelligence']"
1150,4905,"['Blockchain', 'Dev Ops']"
1151,4913,"['Software Development', 'Data Science']"
1152,4918,"['Data Analysis', 'Android']"
1153,4924,"['Software Development', 'Web Development']"
1154,4927,"['Web Development', 'Android']"
1155,4931,"['Natural Language Processing', 'Web Development']"
1156,4937,"['Cybersecurity', 'Information Security']"
1157,4940,"['Web Development', 'Backend Development']"
1158,4957,"['Cryptocurrency', 'Blockchain']"
1159,4960,"['Artificial Intelligence', 'Backend Development']"
1160,4964,['Flutter']
1161,4969,"['Deep Learning', 'Machine Learning']"
1162,4998,"['Blockchain', 'Information Security']"
1163,5006,"['Blockchain', 'Cryptocurrency']"
1164,5008,['Backend Development']
